note_path,model_used,model_size,clinical_accuracy,completeness,conciseness,clarity,hallucination
notes/data/consults/pilon_fractures/20250328_221701_qwen2.5_3b.txt,qwen2.5,3b,5.0,4.0,3.0,2.0,No
notes/data/consults/pilon_fractures/20250328_221728_deepseek-r1_1.5b.txt,deepseek-r1,1.5b,4.0,5.0,3.0,3.0,No
notes/data/consults/pilon_fractures/20250328_221701_llama3.2_3b.txt,llama3.2,3b,5.0,4.0,3.0,2.0,No
notes/data/consults/pilon_fractures/20250328_221701_gemma3_4b.txt,gemma3,4b,5.0,4.0,3.0,2.0,No
notes/data/consults/pilon_fractures/20250328_221728_llama3.2_3b.txt,llama3.2,3b,5.0,4.0,3.0,2.0,No
notes/data/consults/pilon_fractures/20250328_221728_gemma3_4b.txt,gemma3,4b,5.0,4.0,3.0,2.0,No
notes/data/consults/pilon_fractures/20250328_221728_qwen2.5_3b.txt,qwen2.5,3b,5.0,4.0,3.0,2.0,No
notes/data/consults/pilon_fractures/20250328_221701_deepseek-r1_1.5b.txt,deepseek-r1,1.5b,5.0,4.0,3.0,2.0,No
notes/data/consults/ankle_fractures/20250328_220540_deepseek-r1_1.5b.txt,deepseek-r1,1.5b,4.0,5.0,3.0,4.0,No
notes/data/consults/ankle_fractures/20250328_220540_qwen2.5_3b.txt,qwen2.5,3b,5.0,4.0,3.0,2.0,No
notes/data/consults/ankle_fractures/20250328_220518_deepseek-r1_1.5b.txt,deepseek-r1,1.5b,5.0,4.0,3.0,2.0,No
notes/data/consults/ankle_fractures/20250328_220518_gemma3_4b.txt,gemma3,4b,5.0,4.0,3.0,3.0,No
notes/data/consults/ankle_fractures/20250328_220540_llama3.2_3b.txt,llama3.2,3b,5.0,4.0,3.0,2.0,No
notes/data/consults/ankle_fractures/20250328_220540_gemma3_4b.txt,gemma3,4b,4.0,3.0,4.0,3.0,No
notes/data/consults/ankle_fractures/20250328_220518_qwen2.5_3b.txt,qwen2.5,3b,4.0,5.0,3.0,3.0,No
notes/data/consults/ankle_fractures/20250328_220518_llama3.2_3b.txt,llama3.2,3b,5.0,4.0,3.0,2.0,No
notes/data/consults/scapular_fractures/20250328_221754_gemma3_4b.txt,gemma3,4b,4.0,5.0,3.0,2.0,No
notes/data/consults/scapular_fractures/20250328_221754_deepseek-r1_1.5b.txt,deepseek-r1,1.5b,4.0,4.0,3.0,2.0,No
notes/data/consults/scapular_fractures/20250328_221817_qwen2.5_3b.txt,qwen2.5,3b,5.0,4.0,3.0,2.0,No
notes/data/consults/scapular_fractures/20250328_221817_gemma3_4b.txt,gemma3,4b,5.0,4.0,3.0,2.0,No
notes/data/consults/scapular_fractures/20250328_221754_qwen2.5_3b.txt,qwen2.5,3b,5.0,4.0,3.0,2.0,No
notes/data/consults/scapular_fractures/20250328_221754_llama3.2_3b.txt,llama3.2,3b,4.0,5.0,3.0,2.0,No
notes/data/consults/scapular_fractures/20250328_221817_deepseek-r1_1.5b.txt,deepseek-r1,1.5b,4.0,5.0,3.0,2.0,No
notes/data/consults/scapular_fractures/20250328_221817_llama3.2_3b.txt,llama3.2,3b,5.0,4.0,3.0,2.0,No
notes/data/consults/scaphoid_fractures/20250328_221256_llama3.2_3b.txt,llama3.2,3b,5.0,4.0,3.0,2.0,No
notes/data/consults/scaphoid_fractures/20250328_221256_gemma3_4b.txt,gemma3,4b,5.0,4.0,3.0,2.0,No
notes/data/consults/scaphoid_fractures/20250328_221326_deepseek-r1_1.5b.txt,deepseek-r1,1.5b,5.0,4.0,3.0,2.0,No
notes/data/consults/scaphoid_fractures/20250328_221326_gemma3_4b.txt,gemma3,4b,5.0,4.0,3.0,2.0,No
notes/data/consults/scaphoid_fractures/20250328_221256_qwen2.5_3b.txt,qwen2.5,3b,5.0,4.0,3.0,2.0,No
notes/data/consults/scaphoid_fractures/20250328_221326_qwen2.5_3b.txt,qwen2.5,3b,5.0,4.0,3.0,2.0,No
notes/data/consults/scaphoid_fractures/20250328_221256_deepseek-r1_1.5b.txt,deepseek-r1,1.5b,5.0,4.0,3.0,2.0,No
notes/data/consults/scaphoid_fractures/20250328_221326_llama3.2_3b.txt,llama3.2,3b,5.0,4.0,3.0,2.0,No
notes/data/consults/distal_radius_fractures/20250328_220426_qwen2.5_3b.txt,qwen2.5,3b,5.0,4.0,3.0,2.0,No
notes/data/consults/distal_radius_fractures/20250328_220452_llama3.2_3b.txt,llama3.2,3b,5.0,4.0,3.0,3.0,No
notes/data/consults/distal_radius_fractures/20250328_220426_gemma3_4b.txt,gemma3,4b,5.0,4.0,3.0,2.0,No
notes/data/consults/distal_radius_fractures/20250328_220452_gemma3_4b.txt,gemma3,4b,5.0,4.0,3.0,2.0,No
notes/data/consults/distal_radius_fractures/20250328_220452_deepseek-r1_1.5b.txt,deepseek-r1,1.5b,5.0,4.0,3.0,2.0,No
notes/data/consults/distal_radius_fractures/20250328_220426_llama3.2_3b.txt,llama3.2,3b,5.0,4.0,3.0,2.0,No
notes/data/consults/distal_radius_fractures/20250328_220452_qwen2.5_3b.txt,qwen2.5,3b,5.0,4.0,3.0,2.0,No
notes/data/consults/distal_radius_fractures/20250328_220426_deepseek-r1_1.5b.txt,deepseek-r1,1.5b,5.0,4.0,3.0,3.0,No
notes/data/consults/fifth_metatarsal_fracture/20250328_220912_deepseek-r1_1.5b.txt,deepseek-r1,1.5b,4.0,5.0,3.0,4.0,No
notes/data/consults/fifth_metatarsal_fracture/20250328_220850_llama3.2_3b.txt,llama3.2,3b,5.0,4.0,3.0,2.0,No
notes/data/consults/fifth_metatarsal_fracture/20250328_220912_qwen2.5_3b.txt,qwen2.5,3b,5.0,4.0,3.0,2.0,No
notes/data/consults/fifth_metatarsal_fracture/20250328_220850_gemma3_4b.txt,gemma3,4b,5.0,4.0,3.0,2.0,No
notes/data/consults/fifth_metatarsal_fracture/20250328_220850_deepseek-r1_1.5b.txt,deepseek-r1,1.5b,5.0,4.0,3.0,2.0,No
notes/data/consults/fifth_metatarsal_fracture/20250328_220912_gemma3_4b.txt,gemma3,4b,5.0,4.0,3.0,3.0,No
notes/data/consults/fifth_metatarsal_fracture/20250328_220912_llama3.2_3b.txt,llama3.2,3b,5.0,4.0,3.0,3.0,No
notes/data/consults/fifth_metatarsal_fracture/20250328_220850_qwen2.5_3b.txt,qwen2.5,3b,5.0,4.0,3.0,2.0,No
notes/data/consults/elbow_fractures/20250328_221207_llama3.2_3b.txt,llama3.2,3b,4.0,5.0,3.0,3.0,No
notes/data/consults/elbow_fractures/20250328_221231_deepseek-r1_1.5b.txt,deepseek-r1,1.5b,4.0,5.0,3.0,2.0,No
notes/data/consults/elbow_fractures/20250328_221231_gemma3_4b.txt,gemma3,4b,5.0,4.0,3.0,2.0,No
notes/data/consults/elbow_fractures/20250328_221207_deepseek-r1_1.5b.txt,deepseek-r1,1.5b,4.0,5.0,3.0,3.0,No
notes/data/consults/elbow_fractures/20250328_221207_qwen2.5_3b.txt,qwen2.5,3b,5.0,4.0,3.0,2.0,No
notes/data/consults/elbow_fractures/20250328_221231_llama3.2_3b.txt,llama3.2,3b,5.0,4.0,3.0,2.0,No
notes/data/consults/elbow_fractures/20250328_221207_gemma3_4b.txt,gemma3,4b,4.0,3.0,5.0,2.0,No
notes/data/consults/elbow_fractures/20250328_221231_qwen2.5_3b.txt,qwen2.5,3b,4.0,5.0,3.0,2.0,No
notes/data/consults/achilles_tendon_ruptures/20250328_222253_gemma3_4b.txt,gemma3,4b,5.0,4.0,3.0,2.0,No
notes/data/consults/achilles_tendon_ruptures/20250328_222320_gemma3_4b.txt,gemma3,4b,4.0,4.0,3.0,2.0,No
notes/data/consults/achilles_tendon_ruptures/20250328_222320_qwen2.5_3b.txt,qwen2.5,3b,4.0,4.0,3.0,2.0,No
notes/data/consults/achilles_tendon_ruptures/20250328_222253_deepseek-r1_1.5b.txt,deepseek-r1,1.5b,5.0,4.0,3.0,2.0,No
notes/data/consults/achilles_tendon_ruptures/20250328_222253_qwen2.5_3b.txt,qwen2.5,3b,4.0,5.0,3.0,3.0,No
notes/data/consults/achilles_tendon_ruptures/20250328_222320_llama3.2_3b.txt,llama3.2,3b,4.0,5.0,3.0,3.0,No
notes/data/consults/achilles_tendon_ruptures/20250328_222320_deepseek-r1_1.5b.txt,deepseek-r1,1.5b,5.0,4.0,3.0,2.0,No
notes/data/consults/achilles_tendon_ruptures/20250328_222253_llama3.2_3b.txt,llama3.2,3b,5.0,4.0,3.0,2.0,No
notes/data/consults/hip_fractures/20250328_220613_llama3.2_3b.txt,llama3.2,3b,5.0,4.0,3.0,2.0,No
notes/data/consults/hip_fractures/20250328_220637_llama3.2_3b.txt,llama3.2,3b,5.0,4.0,3.0,2.0,No
notes/data/consults/hip_fractures/20250328_220613_deepseek-r1_1.5b.txt,deepseek-r1,1.5b,4.0,5.0,3.0,2.0,No
notes/data/consults/hip_fractures/20250328_220637_gemma3_4b.txt,gemma3,4b,5.0,4.0,3.0,2.0,No
notes/data/consults/hip_fractures/20250328_220613_gemma3_4b.txt,gemma3,4b,5.0,4.0,3.0,2.0,No
notes/data/consults/hip_fractures/20250328_220613_qwen2.5_3b.txt,qwen2.5,3b,5.0,5.0,3.0,4.0,No
notes/data/consults/hip_fractures/20250328_220637_deepseek-r1_1.5b.txt,deepseek-r1,1.5b,4.0,5.0,3.0,2.0,No
notes/data/consults/hip_fractures/20250328_220637_qwen2.5_3b.txt,qwen2.5,3b,5.0,4.0,3.0,2.0,No
notes/data/consults/septic_arthritis/20250328_222406_deepseek-r1_1.5b.txt,deepseek-r1,1.5b,4.0,5.0,3.0,2.0,No
notes/data/consults/septic_arthritis/20250328_222406_llama3.2_3b.txt,llama3.2,3b,4.0,5.0,3.0,3.0,No
notes/data/consults/septic_arthritis/20250328_222346_llama3.2_3b.txt,llama3.2,3b,4.0,3.0,3.0,2.0,No
notes/data/consults/septic_arthritis/20250328_222346_deepseek-r1_1.5b.txt,deepseek-r1,1.5b,4.0,5.0,3.0,2.0,No
notes/data/consults/septic_arthritis/20250328_222406_qwen2.5_3b.txt,qwen2.5,3b,5.0,4.0,3.0,2.0,No
notes/data/consults/septic_arthritis/20250328_222346_gemma3_4b.txt,gemma3,4b,4.0,4.0,3.0,2.0,No
notes/data/consults/septic_arthritis/20250328_222406_gemma3_4b.txt,gemma3,4b,5.0,4.0,3.0,2.0,No
notes/data/consults/septic_arthritis/20250328_222346_qwen2.5_3b.txt,qwen2.5,3b,4.0,5.0,3.0,2.0,No
notes/data/consults/acetabular_fractures/20250328_221411_gemma3_4b.txt,gemma3,4b,4.0,3.0,3.0,2.0,No
notes/data/consults/acetabular_fractures/20250328_221347_llama3.2_3b.txt,llama3.2,3b,5.0,4.0,3.0,2.0,No
notes/data/consults/acetabular_fractures/20250328_221411_deepseek-r1_1.5b.txt,deepseek-r1,1.5b,5.0,4.0,3.0,2.0,No
notes/data/consults/acetabular_fractures/20250328_221411_llama3.2_3b.txt,llama3.2,3b,4.0,5.0,3.0,2.0,No
notes/data/consults/acetabular_fractures/20250328_221347_deepseek-r1_1.5b.txt,deepseek-r1,1.5b,5.0,4.0,3.0,2.0,No
notes/data/consults/acetabular_fractures/20250328_221411_qwen2.5_3b.txt,qwen2.5,3b,5.0,4.0,3.0,3.0,No
notes/data/consults/acetabular_fractures/20250328_221347_gemma3_4b.txt,gemma3,4b,5.0,4.0,3.0,2.0,No
notes/data/consults/acetabular_fractures/20250328_221347_qwen2.5_3b.txt,qwen2.5,3b,5.0,4.0,3.0,2.0,No
notes/data/consults/bicep_tendon_ruptures/20250328_222234_gemma3_4b.txt,gemma3,4b,4.0,3.0,3.0,2.0,No
notes/data/consults/bicep_tendon_ruptures/20250328_222213_qwen2.5_3b.txt,qwen2.5,3b,4.0,5.0,3.0,2.0,No
notes/data/consults/bicep_tendon_ruptures/20250328_222234_llama3.2_3b.txt,llama3.2,3b,5.0,4.0,3.0,2.0,No
notes/data/consults/bicep_tendon_ruptures/20250328_222213_gemma3_4b.txt,gemma3,4b,5.0,4.0,3.0,2.0,No
notes/data/consults/bicep_tendon_ruptures/20250328_222234_deepseek-r1_1.5b.txt,deepseek-r1,1.5b,4.0,5.0,3.0,3.0,No
notes/data/consults/bicep_tendon_ruptures/20250328_222213_llama3.2_3b.txt,llama3.2,3b,5.0,4.0,3.0,2.0,No
notes/data/consults/bicep_tendon_ruptures/20250328_222213_deepseek-r1_1.5b.txt,deepseek-r1,1.5b,4.0,5.0,4.0,3.0,No
notes/data/consults/bicep_tendon_ruptures/20250328_222234_qwen2.5_3b.txt,qwen2.5,3b,5.0,4.0,3.0,2.0,No
notes/data/consults/shoulder_dislocations/20250328_222040_qwen2.5_3b.txt,qwen2.5,3b,4.0,5.0,3.0,2.0,No
notes/data/consults/shoulder_dislocations/20250328_222021_gemma3_4b.txt,gemma3,4b,4.0,5.0,3.0,2.0,No
notes/data/consults/shoulder_dislocations/20250328_222021_qwen2.5_3b.txt,qwen2.5,3b,4.0,5.0,3.0,2.0,No
notes/data/consults/shoulder_dislocations/20250328_222040_llama3.2_3b.txt,llama3.2,3b,4.0,4.0,3.0,2.0,No
notes/data/consults/shoulder_dislocations/20250328_222040_deepseek-r1_1.5b.txt,deepseek-r1,1.5b,5.0,4.0,3.0,2.0,No
notes/data/consults/shoulder_dislocations/20250328_222021_deepseek-r1_1.5b.txt,deepseek-r1,1.5b,5.0,4.0,3.0,2.0,No
notes/data/consults/shoulder_dislocations/20250328_222021_llama3.2_3b.txt,llama3.2,3b,5.0,4.0,3.0,3.0,No
notes/data/consults/shoulder_dislocations/20250328_222040_gemma3_4b.txt,gemma3,4b,4.0,3.0,5.0,2.0,No
notes/data/consults/lisfranc_injuries/20250328_221001_llama3.2_3b.txt,llama3.2,3b,4.0,5.0,3.0,2.0,No
notes/data/consults/lisfranc_injuries/20250328_220935_llama3.2_3b.txt,llama3.2,3b,5.0,4.0,3.0,2.0,No
notes/data/consults/lisfranc_injuries/20250328_220935_qwen2.5_3b.txt,qwen2.5,3b,5.0,4.0,3.0,3.0,No
notes/data/consults/lisfranc_injuries/20250328_220935_deepseek-r1_1.5b.txt,deepseek-r1,1.5b,3.0,4.0,3.0,2.0,No
notes/data/consults/lisfranc_injuries/20250328_221001_gemma3_4b.txt,gemma3,4b,4.0,5.0,3.0,2.0,No
notes/data/consults/lisfranc_injuries/20250328_221001_qwen2.5_3b.txt,qwen2.5,3b,5.0,4.0,3.0,2.0,No
notes/data/consults/lisfranc_injuries/20250328_221001_deepseek-r1_1.5b.txt,deepseek-r1,1.5b,4.0,5.0,3.0,2.0,No
notes/data/consults/lisfranc_injuries/20250328_220935_gemma3_4b.txt,gemma3,4b,5.0,4.0,3.0,2.0,No
notes/data/consults/calcaneus_fractures/20250328_221049_llama3.2_3b.txt,llama3.2,3b,5.0,4.0,3.0,2.0,No
notes/data/consults/calcaneus_fractures/20250328_221021_qwen2.5_3b.txt,qwen2.5,3b,5.0,4.0,3.0,2.0,No
notes/data/consults/calcaneus_fractures/20250328_221049_deepseek-r1_1.5b.txt,deepseek-r1,1.5b,4.0,5.0,3.0,2.0,No
notes/data/consults/calcaneus_fractures/20250328_221049_gemma3_4b.txt,gemma3,4b,4.0,5.0,3.0,3.0,No
notes/data/consults/calcaneus_fractures/20250328_221049_qwen2.5_3b.txt,qwen2.5,3b,4.0,5.0,3.0,3.0,No
notes/data/consults/calcaneus_fractures/20250328_221021_llama3.2_3b.txt,llama3.2,3b,5.0,4.0,3.0,2.0,No
notes/data/consults/calcaneus_fractures/20250328_221021_gemma3_4b.txt,gemma3,4b,5.0,4.0,4.0,2.0,No
notes/data/consults/calcaneus_fractures/20250328_221021_deepseek-r1_1.5b.txt,deepseek-r1,1.5b,5.0,4.0,3.0,2.0,No
notes/data/consults/tibial_plateau_fractures/20250328_221549_llama3.2_3b.txt,llama3.2,3b,5.0,4.0,3.0,2.0,No
notes/data/consults/tibial_plateau_fractures/20250328_221549_qwen2.5_3b.txt,qwen2.5,3b,5.0,4.0,3.0,2.0,No
notes/data/consults/tibial_plateau_fractures/20250328_221529_deepseek-r1_1.5b.txt,deepseek-r1,1.5b,5.0,4.0,3.0,2.0,No
notes/data/consults/tibial_plateau_fractures/20250328_221549_deepseek-r1_1.5b.txt,deepseek-r1,1.5b,5.0,4.0,3.0,2.0,No
notes/data/consults/tibial_plateau_fractures/20250328_221529_qwen2.5_3b.txt,qwen2.5,3b,5.0,4.0,3.0,3.0,No
notes/data/consults/tibial_plateau_fractures/20250328_221529_gemma3_4b.txt,gemma3,4b,5.0,4.0,3.0,2.0,No
notes/data/consults/tibial_plateau_fractures/20250328_221529_llama3.2_3b.txt,llama3.2,3b,5.0,4.0,3.0,2.0,No
notes/data/consults/tibial_plateau_fractures/20250328_221549_gemma3_4b.txt,gemma3,4b,4.0,3.0,3.0,2.0,No
notes/data/consults/tibial_shaft_fractures/20250328_220759_gemma3_4b.txt,gemma3,4b,4.0,4.0,3.0,2.0,No
notes/data/consults/tibial_shaft_fractures/20250328_220824_deepseek-r1_1.5b.txt,deepseek-r1,1.5b,5.0,4.0,3.0,2.0,No
notes/data/consults/tibial_shaft_fractures/20250328_220759_deepseek-r1_1.5b.txt,deepseek-r1,1.5b,5.0,4.0,3.0,3.0,No
notes/data/consults/tibial_shaft_fractures/20250328_220824_llama3.2_3b.txt,llama3.2,3b,4.0,5.0,3.0,2.0,No
notes/data/consults/tibial_shaft_fractures/20250328_220824_gemma3_4b.txt,gemma3,4b,5.0,4.0,3.0,2.0,No
notes/data/consults/tibial_shaft_fractures/20250328_220824_qwen2.5_3b.txt,qwen2.5,3b,5.0,4.0,3.0,2.0,No
notes/data/consults/tibial_shaft_fractures/20250328_220759_llama3.2_3b.txt,llama3.2,3b,5.0,4.0,3.0,2.0,No
notes/data/consults/tibial_shaft_fractures/20250328_220759_qwen2.5_3b.txt,qwen2.5,3b,4.0,5.0,3.0,3.0,No
notes/data/consults/clavicle_fractures/20250328_221842_deepseek-r1_1.5b.txt,deepseek-r1,1.5b,4.0,5.0,3.0,2.0,No
notes/data/consults/clavicle_fractures/20250328_221909_qwen2.5_3b.txt,qwen2.5,3b,5.0,4.0,3.0,2.0,No
notes/data/consults/clavicle_fractures/20250328_221909_gemma3_4b.txt,gemma3,4b,5.0,4.0,3.0,2.0,No
notes/data/consults/clavicle_fractures/20250328_221842_llama3.2_3b.txt,llama3.2,3b,5.0,4.0,3.0,2.0,No
notes/data/consults/clavicle_fractures/20250328_221909_deepseek-r1_1.5b.txt,deepseek-r1,1.5b,4.0,5.0,3.0,3.0,No
notes/data/consults/clavicle_fractures/20250328_221909_llama3.2_3b.txt,llama3.2,3b,5.0,5.0,3.0,4.0,No
notes/data/consults/clavicle_fractures/20250328_221842_qwen2.5_3b.txt,qwen2.5,3b,5.0,4.0,3.0,2.0,No
notes/data/consults/clavicle_fractures/20250328_221842_gemma3_4b.txt,gemma3,4b,5.0,4.0,3.0,2.0,No
notes/data/consults/pelvic_ring_fractures/20250328_221506_deepseek-r1_1.5b.txt,deepseek-r1,1.5b,4.0,5.0,3.0,3.0,No
notes/data/consults/pelvic_ring_fractures/20250328_221506_llama3.2_3b.txt,llama3.2,3b,4.0,5.0,3.0,2.0,No
notes/data/consults/pelvic_ring_fractures/20250328_221437_qwen2.5_3b.txt,qwen2.5,3b,5.0,4.0,3.0,2.0,No
notes/data/consults/pelvic_ring_fractures/20250328_221506_gemma3_4b.txt,gemma3,4b,4.0,4.0,3.0,3.0,No
notes/data/consults/pelvic_ring_fractures/20250328_221437_deepseek-r1_1.5b.txt,deepseek-r1,1.5b,5.0,4.0,3.0,2.0,No
notes/data/consults/pelvic_ring_fractures/20250328_221437_llama3.2_3b.txt,llama3.2,3b,4.0,5.0,3.0,3.0,No
notes/data/consults/pelvic_ring_fractures/20250328_221506_qwen2.5_3b.txt,qwen2.5,3b,5.0,4.0,3.0,3.0,No
notes/data/consults/pelvic_ring_fractures/20250328_221437_gemma3_4b.txt,gemma3,4b,5.0,4.0,3.0,2.0,No
notes/data/consults/patellar_fractures/20250328_221118_llama3.2_3b.txt,llama3.2,3b,5.0,4.0,3.0,2.0,No
notes/data/consults/patellar_fractures/20250328_221144_gemma3_4b.txt,gemma3,4b,4.0,4.0,3.0,2.0,No
notes/data/consults/patellar_fractures/20250328_221144_qwen2.5_3b.txt,qwen2.5,3b,4.0,5.0,3.0,3.0,No
notes/data/consults/patellar_fractures/20250328_221118_gemma3_4b.txt,gemma3,4b,5.0,4.0,3.0,2.0,No
notes/data/consults/patellar_fractures/20250328_221118_qwen2.5_3b.txt,qwen2.5,3b,4.0,5.0,3.0,2.0,No
notes/data/consults/patellar_fractures/20250328_221144_deepseek-r1_1.5b.txt,deepseek-r1,1.5b,4.0,4.0,3.0,2.0,No
notes/data/consults/patellar_fractures/20250328_221144_llama3.2_3b.txt,llama3.2,3b,4.0,5.0,3.0,2.0,No
notes/data/consults/patellar_fractures/20250328_221118_deepseek-r1_1.5b.txt,deepseek-r1,1.5b,5.0,4.0,3.0,3.0,No
notes/data/consults/femoral_shaft_fractures/20250328_221631_deepseek-r1_1.5b.txt,deepseek-r1,1.5b,5.0,4.0,3.0,2.0,No
notes/data/consults/femoral_shaft_fractures/20250328_221612_qwen2.5_3b.txt,qwen2.5,3b,5.0,4.0,3.0,2.0,No
notes/data/consults/femoral_shaft_fractures/20250328_221612_llama3.2_3b.txt,llama3.2,3b,5.0,4.0,3.0,2.0,No
notes/data/consults/femoral_shaft_fractures/20250328_221631_gemma3_4b.txt,gemma3,4b,4.0,3.0,4.0,3.0,No
notes/data/consults/femoral_shaft_fractures/20250328_221631_llama3.2_3b.txt,llama3.2,3b,5.0,4.0,3.0,2.0,No
notes/data/consults/femoral_shaft_fractures/20250328_221631_qwen2.5_3b.txt,qwen2.5,3b,5.0,4.0,3.0,2.0,No
notes/data/consults/femoral_shaft_fractures/20250328_221612_gemma3_4b.txt,gemma3,4b,5.0,4.0,3.0,2.0,No
notes/data/consults/femoral_shaft_fractures/20250328_221612_deepseek-r1_1.5b.txt,deepseek-r1,1.5b,5.0,4.0,3.0,4.0,No
notes/data/consults/proximal_humerus_fractures/20250328_220705_deepseek-r1_1.5b.txt,deepseek-r1,1.5b,5.0,4.0,3.0,2.0,No
notes/data/consults/proximal_humerus_fractures/20250328_220705_llama3.2_3b.txt,llama3.2,3b,5.0,4.0,3.0,2.0,No
notes/data/consults/proximal_humerus_fractures/20250328_220733_deepseek-r1_1.5b.txt,deepseek-r1,1.5b,5.0,4.0,3.0,2.0,No
notes/data/consults/proximal_humerus_fractures/20250328_220733_gemma3_4b.txt,gemma3,4b,5.0,4.0,3.0,2.0,No
notes/data/consults/proximal_humerus_fractures/20250328_220705_qwen2.5_3b.txt,qwen2.5,3b,4.0,5.0,3.0,4.0,No
notes/data/consults/proximal_humerus_fractures/20250328_220733_llama3.2_3b.txt,llama3.2,3b,5.0,4.0,3.0,3.0,No
notes/data/consults/proximal_humerus_fractures/20250328_220705_gemma3_4b.txt,gemma3,4b,4.0,3.0,3.0,2.0,No
notes/data/consults/proximal_humerus_fractures/20250328_220733_qwen2.5_3b.txt,qwen2.5,3b,5.0,4.0,3.0,2.0,No
notes/data/consults/quadricep_tendon_ruptures/20250328_222108_deepseek-r1_1.5b.txt,deepseek-r1,1.5b,5.0,4.0,3.0,2.0,No
notes/data/consults/quadricep_tendon_ruptures/20250328_222145_qwen2.5_3b.txt,qwen2.5,3b,5.0,4.0,3.0,2.0,No
notes/data/consults/quadricep_tendon_ruptures/20250328_222108_llama3.2_3b.txt,llama3.2,3b,4.0,5.0,3.0,3.0,No
notes/data/consults/quadricep_tendon_ruptures/20250328_222108_gemma3_4b.txt,gemma3,4b,5.0,4.0,3.0,2.0,No
notes/data/consults/quadricep_tendon_ruptures/20250328_222145_llama3.2_3b.txt,llama3.2,3b,4.0,,,,
notes/data/consults/quadricep_tendon_ruptures/20250328_222108_qwen2.5_3b.txt,qwen2.5,3b,5.0,4.0,3.0,2.0,No
notes/data/consults/quadricep_tendon_ruptures/20250328_222145_deepseek-r1_1.5b.txt,deepseek-r1,1.5b,4.0,5.0,3.0,2.0,No
notes/data/followups/pilon_fractures/20250328_221707_qwen2.5_3b.txt,qwen2.5,3b,5.0,4.0,3.0,2.0,No
notes/data/followups/pilon_fractures/20250328_221707_deepseek-r1_1.5b.txt,deepseek-r1,1.5b,4.0,5.0,3.0,3.0,No
notes/data/followups/pilon_fractures/20250328_221707_llama3.2_3b.txt,llama3.2,3b,4.0,5.0,3.0,2.0,No
notes/data/followups/pilon_fractures/20250328_221707_gemma3_4b.txt,gemma3,4b,5.0,4.0,3.0,2.0,No
notes/data/followups/pilon_fractures/20250328_221739_gemma3_4b.txt,gemma3,4b,5.0,4.0,3.0,2.0,No
notes/data/followups/pilon_fractures/20250328_221739_qwen2.5_3b.txt,qwen2.5,3b,4.0,5.0,3.0,3.0,No
notes/data/followups/pilon_fractures/20250328_221739_llama3.2_3b.txt,llama3.2,3b,5.0,4.0,3.0,3.0,No
notes/data/followups/pilon_fractures/20250328_221739_deepseek-r1_1.5b.txt,deepseek-r1,1.5b,5.0,4.0,3.0,2.0,No
notes/data/followups/ankle_fractures/20250328_220525_qwen2.5_3b.txt,qwen2.5,3b,5.0,4.0,3.0,2.0,No
notes/data/followups/ankle_fractures/20250328_220553_qwen2.5_3b.txt,qwen2.5,3b,5.0,4.0,3.0,2.0,No
notes/data/followups/ankle_fractures/20250328_220553_llama3.2_3b.txt,llama3.2,3b,5.0,4.0,3.0,3.0,No
notes/data/followups/ankle_fractures/20250328_220525_deepseek-r1_1.5b.txt,deepseek-r1,1.5b,5.0,4.0,3.0,2.0,No
notes/data/followups/ankle_fractures/20250328_220525_gemma3_4b.txt,gemma3,4b,5.0,4.0,3.0,2.0,No
notes/data/followups/ankle_fractures/20250328_220553_deepseek-r1_1.5b.txt,deepseek-r1,1.5b,4.0,4.0,3.0,2.0,No
notes/data/followups/ankle_fractures/20250328_220553_gemma3_4b.txt,gemma3,4b,5.0,4.0,3.0,3.0,No
notes/data/followups/ankle_fractures/20250328_220525_llama3.2_3b.txt,llama3.2,3b,5.0,4.0,3.0,2.0,No
notes/data/followups/scapular_fractures/20250328_221803_llama3.2_3b.txt,llama3.2,3b,5.0,4.0,3.0,3.0,No
notes/data/followups/scapular_fractures/20250328_221803_deepseek-r1_1.5b.txt,deepseek-r1,1.5b,4.0,4.0,3.0,4.0,No
notes/data/followups/scapular_fractures/20250328_221828_llama3.2_3b.txt,llama3.2,3b,5.0,4.0,3.0,3.0,No
notes/data/followups/scapular_fractures/20250328_221803_gemma3_4b.txt,gemma3,4b,5.0,4.0,3.0,2.0,No
notes/data/followups/scapular_fractures/20250328_221828_deepseek-r1_1.5b.txt,deepseek-r1,1.5b,4.0,5.0,3.0,2.0,No
notes/data/followups/scapular_fractures/20250328_221803_qwen2.5_3b.txt,qwen2.5,3b,4.0,5.0,3.0,3.0,No
notes/data/followups/scapular_fractures/20250328_221828_gemma3_4b.txt,gemma3,4b,5.0,4.0,3.0,2.0,No
notes/data/followups/scapular_fractures/20250328_221828_qwen2.5_3b.txt,qwen2.5,3b,5.0,4.0,3.0,2.0,No
notes/data/followups/scaphoid_fractures/20250328_221308_deepseek-r1_1.5b.txt,deepseek-r1,1.5b,5.0,4.0,3.0,2.0,No
notes/data/followups/scaphoid_fractures/20250328_221308_qwen2.5_3b.txt,qwen2.5,3b,5.0,4.0,3.0,3.0,No
notes/data/followups/scaphoid_fractures/20250328_221308_llama3.2_3b.txt,llama3.2,3b,5.0,4.0,3.0,2.0,No
notes/data/followups/scaphoid_fractures/20250328_221308_gemma3_4b.txt,gemma3,4b,5.0,4.0,3.0,2.0,No
notes/data/followups/scaphoid_fractures/20250328_221333_llama3.2_3b.txt,llama3.2,3b,5.0,4.0,4.0,3.0,No
notes/data/followups/scaphoid_fractures/20250328_221333_gemma3_4b.txt,gemma3,4b,5.0,4.0,3.0,2.0,No
notes/data/followups/scaphoid_fractures/20250328_221333_qwen2.5_3b.txt,qwen2.5,3b,5.0,4.0,3.0,2.0,No
notes/data/followups/scaphoid_fractures/20250328_221333_deepseek-r1_1.5b.txt,deepseek-r1,1.5b,5.0,4.0,3.0,2.0,No
notes/data/followups/distal_radius_fractures/20250328_220501_gemma3_4b.txt,gemma3,4b,5.0,4.0,3.0,2.0,No
notes/data/followups/distal_radius_fractures/20250328_220501_deepseek-r1_1.5b.txt,deepseek-r1,1.5b,5.0,4.0,3.0,2.0,No
notes/data/followups/distal_radius_fractures/20250328_220436_gemma3_4b.txt,gemma3,4b,5.0,4.0,3.0,3.0,No
notes/data/followups/distal_radius_fractures/20250328_220436_llama3.2_3b.txt,llama3.2,3b,5.0,4.0,3.0,2.0,No
notes/data/followups/distal_radius_fractures/20250328_220436_qwen2.5_3b.txt,qwen2.5,3b,5.0,4.0,3.0,2.0,No
notes/data/followups/distal_radius_fractures/20250328_220436_deepseek-r1_1.5b.txt,deepseek-r1,1.5b,5.0,4.0,3.0,2.0,No
notes/data/followups/distal_radius_fractures/20250328_220501_qwen2.5_3b.txt,qwen2.5,3b,5.0,4.0,3.0,2.0,No
notes/data/followups/distal_radius_fractures/20250328_220501_llama3.2_3b.txt,llama3.2,3b,5.0,4.0,3.0,3.0,No
notes/data/followups/fifth_metatarsal_fracture/20250328_220920_deepseek-r1_1.5b.txt,deepseek-r1,1.5b,5.0,4.0,3.0,2.0,No
notes/data/followups/fifth_metatarsal_fracture/20250328_220920_gemma3_4b.txt,gemma3,4b,5.0,4.0,3.0,2.0,No
notes/data/followups/fifth_metatarsal_fracture/20250328_220900_deepseek-r1_1.5b.txt,deepseek-r1,1.5b,5.0,4.0,3.0,2.0,No
notes/data/followups/fifth_metatarsal_fracture/20250328_220900_gemma3_4b.txt,gemma3,4b,5.0,4.0,3.0,3.0,No
notes/data/followups/fifth_metatarsal_fracture/20250328_220900_qwen2.5_3b.txt,qwen2.5,3b,5.0,4.0,3.0,2.0,No
notes/data/followups/fifth_metatarsal_fracture/20250328_220900_llama3.2_3b.txt,llama3.2,3b,5.0,4.0,3.0,2.0,No
notes/data/followups/fifth_metatarsal_fracture/20250328_220920_qwen2.5_3b.txt,qwen2.5,3b,5.0,4.0,3.0,2.0,No
notes/data/followups/fifth_metatarsal_fracture/20250328_220920_llama3.2_3b.txt,llama3.2,3b,5.0,4.0,3.0,2.0,No
notes/data/followups/elbow_fractures/20250328_221213_qwen2.5_3b.txt,qwen2.5,3b,5.0,4.0,3.0,2.0,No
notes/data/followups/elbow_fractures/20250328_221238_gemma3_4b.txt,gemma3,4b,5.0,4.0,3.0,3.0,No
notes/data/followups/elbow_fractures/20250328_221213_deepseek-r1_1.5b.txt,deepseek-r1,1.5b,5.0,4.0,3.0,2.0,No
notes/data/followups/elbow_fractures/20250328_221213_gemma3_4b.txt,gemma3,4b,4.0,4.0,3.0,2.0,No
notes/data/followups/elbow_fractures/20250328_221238_qwen2.5_3b.txt,qwen2.5,3b,5.0,4.0,3.0,3.0,No
notes/data/followups/elbow_fractures/20250328_221238_llama3.2_3b.txt,llama3.2,3b,5.0,4.0,3.0,2.0,No
notes/data/followups/elbow_fractures/20250328_221213_llama3.2_3b.txt,llama3.2,3b,4.0,5.0,3.0,2.0,No
notes/data/followups/elbow_fractures/20250328_221238_deepseek-r1_1.5b.txt,deepseek-r1,1.5b,4.0,5.0,3.0,2.0,No
notes/data/followups/achilles_tendon_ruptures/20250328_222334_deepseek-r1_1.5b.txt,deepseek-r1,1.5b,4.0,5.0,3.0,2.0,No
notes/data/followups/achilles_tendon_ruptures/20250328_222304_qwen2.5_3b.txt,qwen2.5,3b,4.0,4.0,3.0,2.0,No
notes/data/followups/achilles_tendon_ruptures/20250328_222334_llama3.2_3b.txt,llama3.2,3b,5.0,4.0,3.0,2.0,No
notes/data/followups/achilles_tendon_ruptures/20250328_222334_gemma3_4b.txt,gemma3,4b,4.0,5.0,3.0,2.0,No
notes/data/followups/achilles_tendon_ruptures/20250328_222304_llama3.2_3b.txt,llama3.2,3b,5.0,4.0,3.0,2.0,No
notes/data/followups/achilles_tendon_ruptures/20250328_222334_qwen2.5_3b.txt,qwen2.5,3b,5.0,4.0,3.0,3.0,No
notes/data/followups/achilles_tendon_ruptures/20250328_222304_deepseek-r1_1.5b.txt,deepseek-r1,1.5b,4.0,5.0,3.0,2.0,No
notes/data/followups/hip_fractures/20250328_220646_llama3.2_3b.txt,llama3.2,3b,5.0,4.0,3.0,2.0,No
notes/data/followups/hip_fractures/20250328_220622_llama3.2_3b.txt,llama3.2,3b,4.0,5.0,3.0,2.0,No
notes/data/followups/hip_fractures/20250328_220646_gemma3_4b.txt,gemma3,4b,5.0,4.0,3.0,2.0,No
notes/data/followups/hip_fractures/20250328_220646_qwen2.5_3b.txt,qwen2.5,3b,4.0,4.0,4.0,3.0,No
notes/data/followups/hip_fractures/20250328_220622_qwen2.5_3b.txt,qwen2.5,3b,4.0,5.0,4.0,3.0,No
notes/data/followups/hip_fractures/20250328_220646_deepseek-r1_1.5b.txt,deepseek-r1,1.5b,4.0,5.0,4.0,3.0,No
notes/data/followups/hip_fractures/20250328_220622_gemma3_4b.txt,gemma3,4b,4.0,4.0,3.0,2.0,No
notes/data/followups/hip_fractures/20250328_220622_deepseek-r1_1.5b.txt,deepseek-r1,1.5b,4.0,4.0,3.0,2.0,No
notes/data/followups/septic_arthritis/20250328_222418_llama3.2_3b.txt,llama3.2,3b,5.0,4.0,3.0,2.0,No
notes/data/followups/septic_arthritis/20250328_222353_gemma3_4b.txt,gemma3,4b,5.0,4.0,3.0,2.0,No
notes/data/followups/septic_arthritis/20250328_222418_gemma3_4b.txt,gemma3,4b,5.0,4.0,3.0,2.0,No
notes/data/followups/septic_arthritis/20250328_222418_qwen2.5_3b.txt,qwen2.5,3b,4.0,5.0,3.0,2.0,No
notes/data/followups/septic_arthritis/20250328_222353_deepseek-r1_1.5b.txt,deepseek-r1,1.5b,4.0,3.0,5.0,3.0,No
notes/data/followups/septic_arthritis/20250328_222418_deepseek-r1_1.5b.txt,deepseek-r1,1.5b,4.0,4.0,3.0,2.0,No
notes/data/followups/septic_arthritis/20250328_222353_llama3.2_3b.txt,llama3.2,3b,5.0,4.0,3.0,2.0,No
notes/data/followups/septic_arthritis/20250328_222353_qwen2.5_3b.txt,qwen2.5,3b,5.0,4.0,3.0,2.0,No
notes/data/followups/acetabular_fractures/20250328_221419_llama3.2_3b.txt,llama3.2,3b,5.0,4.0,3.0,2.0,No
notes/data/followups/acetabular_fractures/20250328_221355_deepseek-r1_1.5b.txt,deepseek-r1,1.5b,5.0,4.0,3.0,2.0,No
notes/data/followups/acetabular_fractures/20250328_221355_gemma3_4b.txt,gemma3,4b,5.0,4.0,3.0,2.0,No
notes/data/followups/acetabular_fractures/20250328_221355_llama3.2_3b.txt,llama3.2,3b,5.0,4.0,3.0,3.0,No
notes/data/followups/acetabular_fractures/20250328_221419_qwen2.5_3b.txt,qwen2.5,3b,5.0,4.0,3.0,2.0,No
notes/data/followups/acetabular_fractures/20250328_221355_qwen2.5_3b.txt,qwen2.5,3b,4.0,5.0,3.0,2.0,No
notes/data/followups/acetabular_fractures/20250328_221419_gemma3_4b.txt,gemma3,4b,5.0,4.0,3.0,2.0,No
notes/data/followups/acetabular_fractures/20250328_221419_deepseek-r1_1.5b.txt,deepseek-r1,1.5b,4.0,5.0,3.0,2.0,No
notes/data/followups/bicep_tendon_ruptures/20250328_222220_gemma3_4b.txt,gemma3,4b,5.0,4.0,3.0,2.0,No
notes/data/followups/bicep_tendon_ruptures/20250328_222241_llama3.2_3b.txt,llama3.2,3b,5.0,4.0,3.0,3.0,No
notes/data/followups/bicep_tendon_ruptures/20250328_222241_deepseek-r1_1.5b.txt,deepseek-r1,1.5b,5.0,4.0,3.0,3.0,No
notes/data/followups/bicep_tendon_ruptures/20250328_222220_llama3.2_3b.txt,llama3.2,3b,5.0,4.0,3.0,2.0,No
notes/data/followups/bicep_tendon_ruptures/20250328_222241_qwen2.5_3b.txt,qwen2.5,3b,4.0,5.0,3.0,3.0,No
notes/data/followups/bicep_tendon_ruptures/20250328_222220_deepseek-r1_1.5b.txt,deepseek-r1,1.5b,5.0,4.0,3.0,2.0,No
notes/data/followups/bicep_tendon_ruptures/20250328_222220_qwen2.5_3b.txt,qwen2.5,3b,5.0,4.0,3.0,3.0,No
notes/data/followups/bicep_tendon_ruptures/20250328_222241_gemma3_4b.txt,gemma3,4b,5.0,4.0,3.0,2.0,No
notes/data/followups/shoulder_dislocations/20250328_222049_qwen2.5_3b.txt,qwen2.5,3b,4.0,5.0,3.0,2.0,No
notes/data/followups/shoulder_dislocations/20250328_222049_llama3.2_3b.txt,llama3.2,3b,4.0,5.0,3.0,3.0,No
notes/data/followups/shoulder_dislocations/20250328_222028_deepseek-r1_1.5b.txt,deepseek-r1,1.5b,4.0,5.0,3.0,2.0,No
notes/data/followups/shoulder_dislocations/20250328_222028_qwen2.5_3b.txt,qwen2.5,3b,5.0,4.0,4.0,2.0,No
notes/data/followups/shoulder_dislocations/20250328_222028_gemma3_4b.txt,gemma3,4b,4.0,4.0,3.0,2.0,No
notes/data/followups/shoulder_dislocations/20250328_222049_deepseek-r1_1.5b.txt,deepseek-r1,1.5b,4.0,3.0,4.0,2.0,No
notes/data/followups/shoulder_dislocations/20250328_222049_gemma3_4b.txt,gemma3,4b,5.0,4.0,3.0,2.0,No
notes/data/followups/shoulder_dislocations/20250328_222028_llama3.2_3b.txt,llama3.2,3b,5.0,4.0,4.0,3.0,No
notes/data/followups/lisfranc_injuries/20250328_220940_gemma3_4b.txt,gemma3,4b,5.0,4.0,4.0,3.0,No
notes/data/followups/lisfranc_injuries/20250328_221010_deepseek-r1_1.5b.txt,deepseek-r1,1.5b,4.0,5.0,3.0,2.0,No
notes/data/followups/lisfranc_injuries/20250328_221010_llama3.2_3b.txt,llama3.2,3b,5.0,4.0,3.0,2.0,No
notes/data/followups/lisfranc_injuries/20250328_220940_llama3.2_3b.txt,llama3.2,3b,5.0,4.0,3.0,2.0,No
notes/data/followups/lisfranc_injuries/20250328_221010_gemma3_4b.txt,gemma3,4b,5.0,4.0,3.0,3.0,No
notes/data/followups/lisfranc_injuries/20250328_220940_deepseek-r1_1.5b.txt,deepseek-r1,1.5b,5.0,4.0,3.0,3.0,No
notes/data/followups/lisfranc_injuries/20250328_221010_qwen2.5_3b.txt,qwen2.5,3b,5.0,4.0,3.0,2.0,No
notes/data/followups/lisfranc_injuries/20250328_220940_qwen2.5_3b.txt,qwen2.5,3b,5.0,4.0,3.0,2.0,No
notes/data/followups/calcaneus_fractures/20250328_221029_qwen2.5_3b.txt,qwen2.5,3b,5.0,4.0,3.0,3.0,No
notes/data/followups/calcaneus_fractures/20250328_221056_qwen2.5_3b.txt,qwen2.5,3b,5.0,4.0,4.0,3.0,No
notes/data/followups/calcaneus_fractures/20250328_221056_llama3.2_3b.txt,llama3.2,3b,5.0,4.0,3.0,2.0,No
notes/data/followups/calcaneus_fractures/20250328_221029_deepseek-r1_1.5b.txt,deepseek-r1,1.5b,4.0,4.0,4.0,3.0,No
notes/data/followups/calcaneus_fractures/20250328_221029_gemma3_4b.txt,gemma3,4b,5.0,4.0,3.0,2.0,No
notes/data/followups/calcaneus_fractures/20250328_221056_deepseek-r1_1.5b.txt,deepseek-r1,1.5b,4.0,4.0,3.0,2.0,No
notes/data/followups/calcaneus_fractures/20250328_221029_llama3.2_3b.txt,llama3.2,3b,5.0,4.0,3.0,2.0,No
notes/data/followups/calcaneus_fractures/20250328_221056_gemma3_4b.txt,gemma3,4b,5.0,4.0,3.0,2.0,No
notes/data/followups/tibial_plateau_fractures/20250328_221536_qwen2.5_3b.txt,qwen2.5,3b,4.0,4.0,3.0,3.0,No
notes/data/followups/tibial_plateau_fractures/20250328_221556_gemma3_4b.txt,gemma3,4b,5.0,4.0,3.0,3.0,No
notes/data/followups/tibial_plateau_fractures/20250328_221536_gemma3_4b.txt,gemma3,4b,5.0,4.0,3.0,2.0,No
notes/data/followups/tibial_plateau_fractures/20250328_221556_llama3.2_3b.txt,llama3.2,3b,4.0,5.0,3.0,2.0,No
notes/data/followups/tibial_plateau_fractures/20250328_221556_qwen2.5_3b.txt,qwen2.5,3b,5.0,4.0,3.0,2.0,No
notes/data/followups/tibial_plateau_fractures/20250328_221536_deepseek-r1_1.5b.txt,deepseek-r1,1.5b,5.0,4.0,3.0,2.0,No
notes/data/followups/tibial_plateau_fractures/20250328_221556_deepseek-r1_1.5b.txt,deepseek-r1,1.5b,4.0,3.0,4.0,2.0,No
notes/data/followups/tibial_plateau_fractures/20250328_221536_llama3.2_3b.txt,llama3.2,3b,5.0,4.0,3.0,2.0,No
notes/data/followups/tibial_shaft_fractures/20250328_220809_llama3.2_3b.txt,llama3.2,3b,5.0,4.0,4.0,3.0,No
notes/data/followups/tibial_shaft_fractures/20250328_220833_deepseek-r1_1.5b.txt,deepseek-r1,1.5b,5.0,4.0,3.0,2.0,No
notes/data/followups/tibial_shaft_fractures/20250328_220809_qwen2.5_3b.txt,qwen2.5,3b,5.0,4.0,3.0,2.0,No
notes/data/followups/tibial_shaft_fractures/20250328_220833_llama3.2_3b.txt,llama3.2,3b,5.0,4.0,4.0,3.0,No
notes/data/followups/tibial_shaft_fractures/20250328_220833_gemma3_4b.txt,gemma3,4b,5.0,4.0,3.0,2.0,No
notes/data/followups/tibial_shaft_fractures/20250328_220809_gemma3_4b.txt,gemma3,4b,5.0,4.0,3.0,2.0,No
notes/data/followups/tibial_shaft_fractures/20250328_220809_deepseek-r1_1.5b.txt,deepseek-r1,1.5b,4.0,4.0,3.0,2.0,No
notes/data/followups/tibial_shaft_fractures/20250328_220833_qwen2.5_3b.txt,qwen2.5,3b,5.0,4.0,3.0,2.0,No
notes/data/followups/clavicle_fractures/20250328_221916_qwen2.5_3b.txt,qwen2.5,3b,5.0,4.0,3.0,2.0,No
notes/data/followups/clavicle_fractures/20250328_221851_deepseek-r1_1.5b.txt,deepseek-r1,1.5b,5.0,4.0,3.0,2.0,No
notes/data/followups/clavicle_fractures/20250328_221916_llama3.2_3b.txt,llama3.2,3b,4.0,5.0,3.0,2.0,No
notes/data/followups/clavicle_fractures/20250328_221851_llama3.2_3b.txt,llama3.2,3b,5.0,4.0,3.0,3.0,No
notes/data/followups/clavicle_fractures/20250328_221916_gemma3_4b.txt,gemma3,4b,5.0,4.0,3.0,3.0,No
notes/data/followups/clavicle_fractures/20250328_221916_deepseek-r1_1.5b.txt,deepseek-r1,1.5b,5.0,4.0,3.0,3.0,No
notes/data/followups/clavicle_fractures/20250328_221851_gemma3_4b.txt,gemma3,4b,5.0,4.0,3.0,2.0,No
notes/data/followups/clavicle_fractures/20250328_221851_qwen2.5_3b.txt,qwen2.5,3b,4.0,5.0,3.0,2.0,No
notes/data/followups/pelvic_ring_fractures/20250328_221443_qwen2.5_3b.txt,qwen2.5,3b,4.0,5.0,3.0,3.0,No
notes/data/followups/pelvic_ring_fractures/20250328_221443_deepseek-r1_1.5b.txt,deepseek-r1,1.5b,5.0,4.0,3.0,2.0,No
notes/data/followups/pelvic_ring_fractures/20250328_221512_gemma3_4b.txt,gemma3,4b,5.0,4.0,3.0,3.0,No
notes/data/followups/pelvic_ring_fractures/20250328_221512_qwen2.5_3b.txt,qwen2.5,3b,5.0,4.0,3.0,2.0,No
notes/data/followups/pelvic_ring_fractures/20250328_221443_gemma3_4b.txt,gemma3,4b,5.0,4.0,3.0,2.0,No
notes/data/followups/pelvic_ring_fractures/20250328_221512_deepseek-r1_1.5b.txt,deepseek-r1,1.5b,4.0,5.0,3.0,2.0,No
notes/data/followups/pelvic_ring_fractures/20250328_221443_llama3.2_3b.txt,llama3.2,3b,4.0,5.0,3.0,2.0,No
notes/data/followups/pelvic_ring_fractures/20250328_221512_llama3.2_3b.txt,llama3.2,3b,4.0,5.0,3.0,3.0,No
notes/data/followups/patellar_fractures/20250328_221155_deepseek-r1_1.5b.txt,deepseek-r1,1.5b,5.0,4.0,3.0,2.0,No
notes/data/followups/patellar_fractures/20250328_221155_qwen2.5_3b.txt,qwen2.5,3b,4.0,4.0,3.0,3.0,No
notes/data/followups/patellar_fractures/20250328_221127_deepseek-r1_1.5b.txt,deepseek-r1,1.5b,5.0,4.0,3.0,2.0,No
notes/data/followups/patellar_fractures/20250328_221127_qwen2.5_3b.txt,qwen2.5,3b,5.0,4.0,3.0,2.0,No
notes/data/followups/patellar_fractures/20250328_221127_gemma3_4b.txt,gemma3,4b,5.0,4.0,3.0,3.0,No
notes/data/followups/patellar_fractures/20250328_221155_gemma3_4b.txt,gemma3,4b,5.0,4.0,3.0,2.0,No
notes/data/followups/patellar_fractures/20250328_221155_llama3.2_3b.txt,llama3.2,3b,5.0,4.0,3.0,3.0,No
notes/data/followups/patellar_fractures/20250328_221127_llama3.2_3b.txt,llama3.2,3b,4.0,5.0,3.0,2.0,No
notes/data/followups/femoral_shaft_fractures/20250328_221642_deepseek-r1_1.5b.txt,deepseek-r1,1.5b,5.0,4.0,3.0,2.0,No
notes/data/followups/femoral_shaft_fractures/20250328_221615_qwen2.5_3b.txt,qwen2.5,3b,5.0,4.0,3.0,2.0,No
notes/data/followups/femoral_shaft_fractures/20250328_221615_deepseek-r1_1.5b.txt,deepseek-r1,1.5b,4.0,3.0,4.0,3.0,No
notes/data/followups/femoral_shaft_fractures/20250328_221642_gemma3_4b.txt,gemma3,4b,4.0,5.0,3.0,3.0,No
notes/data/followups/femoral_shaft_fractures/20250328_221615_llama3.2_3b.txt,llama3.2,3b,5.0,4.0,3.0,2.0,No
notes/data/followups/femoral_shaft_fractures/20250328_221642_qwen2.5_3b.txt,qwen2.5,3b,4.0,5.0,4.0,3.0,No
notes/data/followups/femoral_shaft_fractures/20250328_221615_gemma3_4b.txt,gemma3,4b,5.0,4.0,3.0,2.0,No
notes/data/followups/femoral_shaft_fractures/20250328_221642_llama3.2_3b.txt,llama3.2,3b,5.0,4.0,3.0,2.0,No
notes/data/followups/proximal_humerus_fractures/20250328_220741_deepseek-r1_1.5b.txt,deepseek-r1,1.5b,5.0,4.0,3.0,2.0,No
notes/data/followups/proximal_humerus_fractures/20250328_220717_gemma3_4b.txt,gemma3,4b,5.0,4.0,3.0,2.0,No
notes/data/followups/proximal_humerus_fractures/20250328_220717_deepseek-r1_1.5b.txt,deepseek-r1,1.5b,4.0,5.0,3.0,2.0,No
notes/data/followups/proximal_humerus_fractures/20250328_220717_qwen2.5_3b.txt,qwen2.5,3b,5.0,4.0,3.0,2.0,No
notes/data/followups/proximal_humerus_fractures/20250328_220741_qwen2.5_3b.txt,qwen2.5,3b,5.0,4.0,3.0,2.0,No
notes/data/followups/proximal_humerus_fractures/20250328_220741_llama3.2_3b.txt,llama3.2,3b,5.0,4.0,3.0,2.0,No
notes/data/followups/proximal_humerus_fractures/20250328_220741_gemma3_4b.txt,gemma3,4b,5.0,4.0,3.0,2.0,No
notes/data/followups/proximal_humerus_fractures/20250328_220717_llama3.2_3b.txt,llama3.2,3b,5.0,4.0,3.0,2.0,No
notes/data/followups/quadricep_tendon_ruptures/20250328_222157_llama3.2_3b.txt,llama3.2,3b,5.0,4.0,3.0,2.0,No
notes/data/followups/quadricep_tendon_ruptures/20250328_222115_gemma3_4b.txt,gemma3,4b,4.0,3.0,3.0,3.0,No
notes/data/followups/quadricep_tendon_ruptures/20250328_222115_deepseek-r1_1.5b.txt,deepseek-r1,1.5b,4.0,5.0,4.0,3.0,No
notes/data/followups/quadricep_tendon_ruptures/20250328_222157_qwen2.5_3b.txt,qwen2.5,3b,5.0,4.0,3.0,3.0,No
notes/data/followups/quadricep_tendon_ruptures/20250328_222157_gemma3_4b.txt,gemma3,4b,5.0,4.0,3.0,2.0,No
notes/data/followups/quadricep_tendon_ruptures/20250328_222157_deepseek-r1_1.5b.txt,deepseek-r1,1.5b,4.0,4.0,3.0,2.0,No
notes/data/followups/quadricep_tendon_ruptures/20250328_222115_qwen2.5_3b.txt,qwen2.5,3b,5.0,4.0,3.0,2.0,No
notes/data/followups/quadricep_tendon_ruptures/20250328_222115_llama3.2_3b.txt,llama3.2,3b,4.0,4.0,3.0,2.0,No
